alert_key,probability
358808,0.9833528934281782
356018,0.9833528934281782
363868,0.9833528934281782
363288,0.9833528934281782
359610,0.9833528934281782
354576,0.9833528934281782
357658,0.9729208054120708
355134,0.9729208054120708
362174,0.9729208054120708
357441,0.9729208054120708
352558,0.9729208054120708
352651,0.9729208054120708
360386,0.9729208054120708
352557,0.9729208054120708
353540,0.9729208054120708
360812,0.9729208054120708
357237,0.9729208054120708
364261,0.9729208054120708
358197,0.9729208054120708
355146,0.9729208054120708
364592,0.9729208054120708
361685,0.9729208054120708
363137,0.9729208054120708
358946,0.9729208054120708
355123,0.9729208054120708
354015,0.9729208054120708
363121,0.9729208054120708
352280,0.9562422412673623
355521,0.9562422412673623
360249,0.9562422412673623
355386,0.9562422412673623
356742,0.9562422412673623
363695,0.9562422412673623
354211,0.9562422412673623
361262,0.9562422412673623
363439,0.9562422412673623
354790,0.9562422412673623
352465,0.9562422412673623
360513,0.9562422412673623
357852,0.9562422412673623
358144,0.9562422412673623
357656,0.9562422412673623
360990,0.9562422412673623
356918,0.9562422412673623
357455,0.9562422412673623
364670,0.9562422412673623
352658,0.9562422412673623
360559,0.9562422412673623
360516,0.9562422412673623
357066,0.9562422412673623
356746,0.9562422412673623
362860,0.9562422412673623
360989,0.9562422412673623
353549,0.9562422412673623
356034,0.9562422412673623
355168,0.9562422412673623
355729,0.9562422412673623
361827,0.9562422412673623
354013,0.9562422412673623
360521,0.9562422412673623
362450,0.9562422412673623
354595,0.9562422412673623
357856,0.9562422412673623
356484,0.9562422412673623
362850,0.9562422412673623
364006,0.9562422412673623
355147,0.9562422412673623
358193,0.9562422412673623
353366,0.9562422412673623
360147,0.9562422412673623
363684,0.9562422412673623
363569,0.9562422412673623
359827,0.9562422412673623
353032,0.9562422412673623
359626,0.9562422412673623
357442,0.9562422412673623
355362,0.9562422412673623
357850,0.9562422412673623
361261,0.9562422412673623
357261,0.9562422412673623
353541,0.9562422412673623
355152,0.9562422412673623
354928,0.9562422412673623
361117,0.9562422412673623
360976,0.9562422412673623
358960,0.9562422412673623
358819,0.9562422412673623
354625,0.9562422412673623
360235,0.9407004513004026
364293,0.930029831961225
354939,0.930029831961225
353833,0.930029831961225
358444,0.930029831961225
360085,0.930029831961225
353041,0.930029831961225
354613,0.930029831961225
356911,0.930029831961225
362005,0.930029831961225
359110,0.930029831961225
360062,0.930029831961225
355716,0.930029831961225
356599,0.930029831961225
357866,0.930029831961225
359768,0.930029831961225
354226,0.930029831961225
354612,0.930029831961225
358199,0.930029831961225
363770,0.930029831961225
355378,0.930029831961225
354788,0.930029831961225
355379,0.930029831961225
354970,0.930029831961225
353209,0.930029831961225
353851,0.930029831961225
364479,0.930029831961225
356601,0.930029831961225
357278,0.930029831961225
354223,0.930029831961225
355748,0.930029831961225
352298,0.930029831961225
352865,0.930029831961225
358138,0.930029831961225
358970,0.930029831961225
364472,0.930029831961225
354565,0.930029831961225
355373,0.930029831961225
360596,0.930029831961225
359638,0.930029831961225
356407,0.930029831961225
361269,0.930029831961225
354819,0.930029831961225
360576,0.930029831961225
357841,0.930029831961225
354606,0.930029831961225
354618,0.930029831961225
364148,0.930029831961225
352495,0.930029831961225
361143,0.930029831961225
352871,0.930029831961225
356600,0.930029831961225
358030,0.930029831961225
356426,0.930029831961225
355212,0.930029831961225
361436,0.930029831961225
358250,0.930029831961225
352470,0.930029831961225
364977,0.930029831961225
354799,0.930029831961225
356221,0.930029831961225
364468,0.930029831961225
356610,0.930029831961225
355197,0.930029831961225
354778,0.930029831961225
352858,0.930029831961225
360225,0.930029831961225
357484,0.930029831961225
363442,0.930029831961225
355525,0.930029831961225
362149,0.930029831961225
362219,0.930029831961225
357275,0.930029831961225
353056,0.930029831961225
354967,0.930029831961225
360648,0.930029831961225
354935,0.930029831961225
353823,0.930029831961225
358442,0.930029831961225
353045,0.930029831961225
357661,0.930029831961225
360814,0.930029831961225
364165,0.930029831961225
357077,0.930029831961225
356043,0.930029831961225
360074,0.930029831961225
352710,0.930029831961225
356418,0.930029831961225
359636,0.930029831961225
361826,0.930029831961225
356932,0.930029831961225
355376,0.930029831961225
353843,0.930029831961225
354759,0.92009980059158
359468,0.9060922678172549
362914,0.9060922678172549
363128,0.9060922678172549
357889,0.8899228248729791
356789,0.8899228248729791
360655,0.8899228248729791
354471,0.8899228248729791
359860,0.8899228248729791
363712,0.8899228248729791
364478,0.8899228248729791
363755,0.8899228248729791
365004,0.8899228248729791
361280,0.8899228248729791
358455,0.8899228248729791
359642,0.8899228248729791
354642,0.8899228248729791
355402,0.8899228248729791
365073,0.8899228248729791
359848,0.8899228248729791
359947,0.8899228248729791
358975,0.8899228248729791
356953,0.8899228248729791
354039,0.8899228248729791
362872,0.8899228248729791
360406,0.8899228248729791
354604,0.8899228248729791
354675,0.8899228248729791
355561,0.8899228248729791
360468,0.8899228248729791
356248,0.8899228248729791
355566,0.8899228248729791
357513,0.8899228248729791
359126,0.8899228248729791
357897,0.8899228248729791
364109,0.8899228248729791
358479,0.8899228248729791
356792,0.8899228248729791
356859,0.8899228248729791
355178,0.8899228248729791
360849,0.8899228248729791
356288,0.8899228248729791
354951,0.8899228248729791
364186,0.8899228248729791
359253,0.8899228248729791
360998,0.8899228248729791
357712,0.8899228248729791
363776,0.8899228248729791
353047,0.8899228248729791
357488,0.8899228248729791
359339,0.8899228248729791
352488,0.8899228248729791
363752,0.8899228248729791
362154,0.8899228248729791
360063,0.8899228248729791
354245,0.8899228248729791
357106,0.8899228248729791
357090,0.8899228248729791
361849,0.8899228248729791
358452,0.8899228248729791
363477,0.8899228248729791
357302,0.8899228248729791
356773,0.8899228248729791
362481,0.8899228248729791
364775,0.8899228248729791
363261,0.8899228248729791
355532,0.8899228248729791
364669,0.8899228248729791
355901,0.8899228248729791
361147,0.8899228248729791
357115,0.8899228248729791
353868,0.8899228248729791
364693,0.8899228248729791
361692,0.8899228248729791
352320,0.8899228248729791
359481,0.8899228248729791
360583,0.8899228248729791
352684,0.8899228248729791
357706,0.8899228248729791
358836,0.8899228248729791
364675,0.8899228248729791
358911,0.8899228248729791
355792,0.8899228248729791
361866,0.8899228248729791
364753,0.8899228248729791
359201,0.8899228248729791
360593,0.8899228248729791
364480,0.8899228248729791
357888,0.8899228248729791
363583,0.8899228248729791
356179,0.8899228248729791
355431,0.8899228248729791
364022,0.8899228248729791
362470,0.8899228248729791
356410,0.8899228248729791
352874,0.8899228248729791
361778,0.8899228248729791
355221,0.8899228248729791
360923,0.8899228248729791
361294,0.8899228248729791
363147,0.8899228248729791
358462,0.8899228248729791
362074,0.8899228248729791
361847,0.8899228248729791
364045,0.8899228248729791
358258,0.8899228248729791
355542,0.8899228248729791
358222,0.8899228248729791
363145,0.8899228248729791
356784,0.8899228248729791
354836,0.8899228248729791
358276,0.8899228248729791
354958,0.8899228248729791
361278,0.8899228248729791
357893,0.8899228248729791
357671,0.8899228248729791
364686,0.8899228248729791
364312,0.8899228248729791
353396,0.8899228248729791
358726,0.8899228248729791
363862,0.8899228248729791
357695,0.8899228248729791
355380,0.8899228248729791
354049,0.8899228248729791
354024,0.8899228248729791
354246,0.8899228248729791
362800,0.8899228248729791
355548,0.8899228248729791
362473,0.8899228248729791
359784,0.8899228248729791
361718,0.8899228248729791
356305,0.8899228248729791
355773,0.8899228248729791
359925,0.8899228248729791
354261,0.8899228248729791
353229,0.8899228248729791
363167,0.8899228248729791
354619,0.8899228248729791
356757,0.8899228248729791
354430,0.8899228248729791
359837,0.8899228248729791
356408,0.8899228248729791
364012,0.8899228248729791
364694,0.8899228248729791
360584,0.8899228248729791
357282,0.8899228248729791
357093,0.8899228248729791
359483,0.8899228248729791
362101,0.8899228248729791
361577,0.8899228248729791
360651,0.8899228248729791
358977,0.8899228248729791
354446,0.8899228248729791
364172,0.8899228248729791
352305,0.8899228248729791
364305,0.8899228248729791
364318,0.8899228248729791
354668,0.8899228248729791
353234,0.8899228248729791
358410,0.8899228248729791
354944,0.8899228248729791
356045,0.8899228248729791
354229,0.8899228248729791
364135,0.8750655005083161
356369,0.8750655005083161
360015,0.8750655005083161
354609,0.8544121202339434
363571,0.8544121202339434
356165,0.8544121202339434
355523,0.8544121202339434
359828,0.8544121202339434
355672,0.8544121202339434
362449,0.8544121202339434
364008,0.8544121202339434
355917,0.8310038345630619
357100,0.8310038345630619
364703,0.8310038345630619
354837,0.8310038345630619
358300,0.8310038345630619
362736,0.8310038345630619
353220,0.8310038345630619
362941,0.8310038345630619
352691,0.8310038345630619
354813,0.8310038345630619
357892,0.8310038345630619
355203,0.8310038345630619
358064,0.8310038345630619
363453,0.8310038345630619
359946,0.8310038345630619
354966,0.8310038345630619
360078,0.8310038345630619
356316,0.8310038345630619
362733,0.8310038345630619
357699,0.8310038345630619
354834,0.8310038345630619
362247,0.8310038345630619
352492,0.8310038345630619
362287,0.8310038345630619
363751,0.8310038345630619
364309,0.8310038345630619
362866,0.8310038345630619
356304,0.8310038345630619
359681,0.8310038345630619
364176,0.8310038345630619
356421,0.8310038345630619
357907,0.8310038345630619
354855,0.8310038345630619
361594,0.8310038345630619
355791,0.8310038345630619
363465,0.8310038345630619
353875,0.8310038345630619
358269,0.8310038345630619
363590,0.8310038345630619
357314,0.8310038345630619
362929,0.8310038345630619
364194,0.8310038345630619
359398,0.8310038345630619
355436,0.8310038345630619
361162,0.8310038345630619
353890,0.8310038345630619
356303,0.8310038345630619
354044,0.8310038345630619
357089,0.8310038345630619
358264,0.8310038345630619
364195,0.8310038345630619
358742,0.8310038345630619
364203,0.8310038345630619
355813,0.8310038345630619
364488,0.8310038345630619
364303,0.8310038345630619
361581,0.8310038345630619
353233,0.8310038345630619
359945,0.8310038345630619
355555,0.8310038345630619
362953,0.8310038345630619
357497,0.8310038345630619
359777,0.8310038345630619
361015,0.8310038345630619
356776,0.8310038345630619
358974,0.8310038345630619
364190,0.8310038345630619
360661,0.8310038345630619
363039,0.8310038345630619
365008,0.8310038345630619
352877,0.8310038345630619
352888,0.8310038345630619
357319,0.8310038345630619
353080,0.8310038345630619
356941,0.8310038345630619
363478,0.8310038345630619
360572,0.8310038345630619
358451,0.8310038345630619
353399,0.8310038345630619
353855,0.8310038345630619
354453,0.8310038345630619
356644,0.8310038345630619
356957,0.8310038345630619
364709,0.8310038345630619
358987,0.8310038345630619
355188,0.8310038345630619
359391,0.8310038345630619
358456,0.8310038345630619
360653,0.8310038345630619
364496,0.8310038345630619
355900,0.8310038345630619
364718,0.8310038345630619
359400,0.8310038345630619
355899,0.8310038345630619
355216,0.8310038345630619
352683,0.8310038345630619
355800,0.8310038345630619
362233,0.8310038345630619
361721,0.8310038345630619
353247,0.8310038345630619
361565,0.8310038345630619
363763,0.8310038345630619
357904,0.8310038345630619
359961,0.8310038345630619
358693,0.8098929118635951
360077,0.8098929118635951
356420,0.8098929118635951
357817,0.8098929118635951
356884,0.8098929118635951
352249,0.8098929118635951
356120,0.8098929118635951
362891,0.8098929118635951
359340,0.8098929118635951
357209,0.8098929118635951
358001,0.8098929118635951
356890,0.8098929118635951
352254,0.8098929118635951
360951,0.8098929118635951
359603,0.8098929118635951
363276,0.8098929118635951
361408,0.8098929118635951
360789,0.8098929118635951
362171,0.8098929118635951
364640,0.8098929118635951
359732,0.8098929118635951
362824,0.8098929118635951
353178,0.8098929118635951
353172,0.8098929118635951
359220,0.8098929118635951
363863,0.8098929118635951
360226,0.8098929118635951
356565,0.8098929118635951
364898,0.781159998364574
357475,0.781159998364574
360282,0.781159998364574
353385,0.781159998364574
355458,0.781159998364574
355884,0.781159998364574
354413,0.781159998364574
357466,0.781159998364574
364743,0.781159998364574
363738,0.781159998364574
357682,0.781159998364574
359373,0.781159998364574
364993,0.781159998364574
358592,0.781159998364574
357081,0.781159998364574
353571,0.781159998364574
357109,0.781159998364574
355671,0.7215412964859755
360254,0.7215412964859755
360577,0.7215412964859755
359116,0.7215412964859755
363730,0.7215412964859755
363102,0.7215412964859755
359737,0.7215412964859755
354415,0.7215412964859755
354401,0.7215412964859755
360046,0.7215412964859755
355673,0.7215412964859755
360825,0.7215412964859755
359365,0.7215412964859755
361843,0.7215412964859755
364599,0.7215412964859755
359762,0.7215412964859755
361545,0.7215412964859755
363289,0.7215412964859755
356140,0.7215412964859755
362895,0.7215412964859755
356372,0.7215412964859755
359362,0.7215412964859755
358157,0.7215412964859755
354947,0.7215412964859755
359223,0.7215412964859755
364011,0.7215412964859755
357858,0.7215412964859755
356403,0.7215412964859755
361234,0.7215412964859755
360018,0.7215412964859755
363740,0.7215412964859755
352819,0.7215412964859755
360058,0.7215412964859755
363866,0.7215412964859755
354027,0.7215412964859755
357068,0.7215412964859755
360034,0.7215412964859755
363317,0.7215412964859755
362848,0.7215412964859755
363130,0.7215412964859755
364673,0.7215412964859755
357079,0.7215412964859755
354423,0.7215412964859755
355734,0.7215412964859755
357084,0.7215412964859755
360391,0.7215412964859755
354014,0.7215412964859755
356405,0.7215412964859755
362125,0.7215412964859755
363131,0.7215412964859755
362916,0.7215412964859755
360786,0.7215412964859755
354792,0.7215412964859755
362451,0.7215412964859755
363124,0.7215412964859755
355150,0.7215412964859755
356216,0.7215412964859755
359227,0.7215412964859755
360534,0.7215412964859755
358443,0.7215412964859755
355501,0.7215412964859755
357849,0.7215412964859755
358968,0.7215412964859755
357447,0.7215412964859755
352654,0.7215412964859755
363696,0.7215412964859755
358956,0.7215412964859755
359467,0.7215412964859755
354930,0.7215412964859755
357445,0.7215412964859755
357233,0.7215412964859755
357086,0.7215412964859755
360492,0.7215412964859755
356745,0.7215412964859755
363123,0.7215412964859755
358569,0.7215412964859755
357281,0.7215412964859755
364601,0.7215412964859755
364597,0.7215412964859755
358431,0.7215412964859755
358708,0.7215412964859755
358008,0.7215412964859755
355705,0.7215412964859755
361835,0.7215412964859755
361589,0.6846542836990427
357327,0.6846542836990427
355546,0.6846542836990427
358740,0.6846542836990427
360393,0.6846542836990427
363282,0.6846542836990427
357341,0.6846542836990427
364767,0.6846542836990427
354662,0.6846542836990427
363341,0.6846542836990427
363476,0.6846542836990427
362242,0.6846542836990427
354573,0.6846542836990427
362490,0.6846542836990427
361459,0.6846542836990427
358624,0.6846542836990427
352337,0.6846542836990427
362155,0.6846542836990427
354258,0.6846542836990427
357715,0.6846542836990427
359389,0.6846542836990427
360582,0.6846542836990427
356966,0.6846542836990427
364452,0.611809603736253
356173,0.611809603736253
357262,0.611809603736253
355538,0.611809603736253
355156,0.611809603736253
353556,0.611809603736253
361270,0.611809603736253
359247,0.611809603736253
354402,0.611809603736253
363580,0.611809603736253
355745,0.611809603736253
356387,0.611809603736253
357862,0.611809603736253
357688,0.611809603736253
355677,0.611809603736253
355417,0.611809603736253
356388,0.611809603736253
359625,0.611809603736253
353030,0.611809603736253
357320,0.611809603736253
356924,0.611809603736253
354407,0.611809603736253
358602,0.611809603736253
355361,0.611809603736253
354007,0.611809603736253
364304,0.611809603736253
360041,0.611809603736253
352660,0.611809603736253
354938,0.611809603736253
352859,0.611809603736253
355519,0.611809603736253
359841,0.611809603736253
360985,0.611809603736253
358588,0.611809603736253
356386,0.611809603736253
355667,0.611809603736253
360029,0.611809603736253
356033,0.611809603736253
360820,0.611809603736253
356756,0.611809603736253
362458,0.611809603736253
363682,0.611809603736253
355751,0.611809603736253
353200,0.611809603736253
355757,0.611809603736253
352282,0.611809603736253
360556,0.611809603736253
362208,0.611809603736253
356409,0.611809603736253
363746,0.611809603736253
355527,0.611809603736253
360251,0.611809603736253
360040,0.611809603736253
358454,0.611809603736253
358430,0.611809603736253
357288,0.611809603736253
358438,0.611809603736253
364286,0.611809603736253
361263,0.611809603736253
357091,0.611809603736253
360286,0.611809603736253
361976,0.611809603736253
358717,0.611809603736253
360810,0.611809603736253
355793,0.611809603736253
352857,0.611809603736253
357870,0.611809603736253
362127,0.611809603736253
359469,0.611809603736253
364678,0.611809603736253
354022,0.611809603736253
360250,0.611809603736253
353550,0.611809603736253
361689,0.611809603736253
360064,0.611809603736253
353848,0.611809603736253
355725,0.611809603736253
361123,0.611809603736253
364169,0.611809603736253
361433,0.611809603736253
360049,0.611809603736253
357058,0.611809603736253
354596,0.611809603736253
363446,0.611809603736253
364624,0.611809603736253
356052,0.611809603736253
356390,0.611809603736253
362131,0.611809603736253
362918,0.611809603736253
357670,0.611809603736253
354780,0.611809603736253
356037,0.611809603736253
363697,0.611809603736253
356395,0.611809603736253
363338,0.611809603736253
352291,0.611809603736253
357457,0.611809603736253
357456,0.611809603736253
362463,0.611809603736253
358211,0.611809603736253
354234,0.611809603736253
364460,0.611809603736253
357294,0.611809603736253
355375,0.611809603736253
357067,0.611809603736253
360855,0.611809603736253
363754,0.611809603736253
354212,0.611809603736253
356630,0.611809603736253
358192,0.611809603736253
354795,0.611809603736253
358709,0.611809603736253
357069,0.611809603736253
355166,0.611809603736253
361118,0.611809603736253
358593,0.611809603736253
358621,0.611809603736253
356589,0.611809603736253
355364,0.611809603736253
364163,0.611809603736253
357448,0.611809603736253
354417,0.611809603736253
362853,0.611809603736253
355678,0.611809603736253
361547,0.611809603736253
360043,0.611809603736253
361989,0.611809603736253
360039,0.611809603736253
358421,0.611809603736253
353033,0.611809603736253
364961,0.611809603736253
364692,0.611809603736253
353545,0.611809603736253
360575,0.611809603736253
363441,0.611809603736253
360979,0.611809603736253
353383,0.611809603736253
357668,0.611809603736253
357259,0.611809603736253
364455,0.611809603736253
359650,0.611809603736253
353831,0.611809603736253
355679,0.611809603736253
357861,0.611809603736253
358059,0.611809603736253
353198,0.611809603736253
352670,0.611809603736253
354942,0.611809603736253
357471,0.611809603736253
355740,0.611809603736253
364963,0.611809603736253
358432,0.611809603736253
358434,0.611809603736253
361431,0.611809603736253
357064,0.611809603736253
353201,0.611809603736253
355171,0.611809603736253
353074,0.5690680459602688
352876,0.5690680459602688
364788,0.5690680459602688
359268,0.5690680459602688
354672,0.5690680459602688
358847,0.5690680459602688
364780,0.5690680459602688
355392,0.4894342102749445
355756,0.4894342102749445
358207,0.4894342102749445
353835,0.4894342102749445
356156,0.4894342102749445
363307,0.4894342102749445
359647,0.4894342102749445
362207,0.4894342102749445
356588,0.4894342102749445
361854,0.4894342102749445
362203,0.4894342102749445
352686,0.4894342102749445
361551,0.4894342102749445
355724,0.4894342102749445
358214,0.4894342102749445
354796,0.4894342102749445
364179,0.4894342102749445
361574,0.4894342102749445
353416,0.4894342102749445
358256,0.4894342102749445
364454,0.4894342102749445
362214,0.4894342102749445
353847,0.4894342102749445
358036,0.4894342102749445
359244,0.4894342102749445
358213,0.4894342102749445
359759,0.4894342102749445
362142,0.4894342102749445
362472,0.4894342102749445
355384,0.4894342102749445
354943,0.4894342102749445
356605,0.4894342102749445
357499,0.4894342102749445
354603,0.4894342102749445
353558,0.4894342102749445
364035,0.4894342102749445
353359,0.4894342102749445
362152,0.4894342102749445
355794,0.4894342102749445
357478,0.4894342102749445
354447,0.4894342102749445
358725,0.4894342102749445
364484,0.4894342102749445
355181,0.4894342102749445
357286,0.4894342102749445
360081,0.4894342102749445
359950,0.4894342102749445
358842,0.4894342102749445
357474,0.4894342102749445
357092,0.4894342102749445
362851,0.4894342102749445
358463,0.4894342102749445
354218,0.4894342102749445
364475,0.4894342102749445
355204,0.4894342102749445
358736,0.4894342102749445
360730,0.4894342102749445
361822,0.4894342102749445
355789,0.4894342102749445
357274,0.4894342102749445
359506,0.4894342102749445
362468,0.4894342102749445
353560,0.4894342102749445
364447,0.4894342102749445
356050,0.4894342102749445
360079,0.4894342102749445
361432,0.4894342102749445
358983,0.4894342102749445
363304,0.4894342102749445
359361,0.4894342102749445
360281,0.4894342102749445
360279,0.4894342102749445
355814,0.4894342102749445
352494,0.4894342102749445
361144,0.4894342102749445
361128,0.4894342102749445
360846,0.4894342102749445
355183,0.4894342102749445
363020,0.4894342102749445
358466,0.4894342102749445
356608,0.4894342102749445
356054,0.4894342102749445
363902,0.4894342102749445
358026,0.4894342102749445
356384,0.4894342102749445
357676,0.4894342102749445
360402,0.4894342102749445
360053,0.4894342102749445
358841,0.4894342102749445
364189,0.4894342102749445
358232,0.4894342102749445
364976,0.4894342102749445
353051,0.4894342102749445
354432,0.4894342102749445
364612,0.4894342102749445
357700,0.4894342102749445
359819,0.4894342102749445
355557,0.4894342102749445
360592,0.4894342102749445
354239,0.4894342102749445
362002,0.4894342102749445
356749,0.4894342102749445
358769,0.4894342102749445
360581,0.4894342102749445
361312,0.4894342102749445
354831,0.4894342102749445
363138,0.4894342102749445
359385,0.4894342102749445
364722,0.4894342102749445
361114,0.4894342102749445
361150,0.4894342102749445
360264,0.4894342102749445
361999,0.4894342102749445
353579,0.4894342102749445
354798,0.4894342102749445
358472,0.4894342102749445
356229,0.4894342102749445
356752,0.4894342102749445
359130,0.4894342102749445
361711,0.4894342102749445
362855,0.4894342102749445
355731,0.4894342102749445
358206,0.4894342102749445
358248,0.4894342102749445
359376,0.4894342102749445
355815,0.4894342102749445
352872,0.4894342102749445
356422,0.4894342102749445
357490,0.4894342102749445
361285,0.4894342102749445
353054,0.4894342102749445
359941,0.4894342102749445
355808,0.4894342102749445
358989,0.4894342102749445
356594,0.4894342102749445
355762,0.4894342102749445
359639,0.4894342102749445
355522,0.4894342102749445
355558,0.4894342102749445
360065,0.4894342102749445
363315,0.4894342102749445
364307,0.4894342102749445
364295,0.4894342102749445
361580,0.4894342102749445
353870,0.4894342102749445
355382,0.4894342102749445
357098,0.4894342102749445
356424,0.4894342102749445
355091,0.4894342102749445
364633,0.4894342102749445
352301,0.4894342102749445
353205,0.4894342102749445
355780,0.4894342102749445
364150,0.4894342102749445
358260,0.4894342102749445
352866,0.4894342102749445
354616,0.4894342102749445
357295,0.4894342102749445
363129,0.4894342102749445
360037,0.4894342102749445
356220,0.4894342102749445
359767,0.4894342102749445
357874,0.4894342102749445
353213,0.4894342102749445
357863,0.4894342102749445
355737,0.4894342102749445
361140,0.4894342102749445
360553,0.4894342102749445
359370,0.4894342102749445
362230,0.4894342102749445
360387,0.4894342102749445
357468,0.4894342102749445
356736,0.4894342102749445
364603,0.4894342102749445
361133,0.4894342102749445
357116,0.4894342102749445
360562,0.4894342102749445
360646,0.4894342102749445
357292,0.4894342102749445
357094,0.4894342102749445
352302,0.4894342102749445
362469,0.4894342102749445
361860,0.4894342102749445
357869,0.4894342102749445
352472,0.4894342102749445
358828,0.4894342102749445
358195,0.4894342102749445
352476,0.4894342102749445
363161,0.4894342102749445
361828,0.4894342102749445
360566,0.4894342102749445
360833,0.4894342102749445
364319,0.4894342102749445
364631,0.4894342102749445
360395,0.4894342102749445
360594,0.4894342102749445
356779,0.4894342102749445
362725,0.4894342102749445
354628,0.4894342102749445
360645,0.4894342102749445
361266,0.4894342102749445
352312,0.4894342102749445
352699,0.4894342102749445
361837,0.4894342102749445
363767,0.4894342102749445
356960,0.4894342102749445
357848,0.4894342102749445
359500,0.4894342102749445
359494,0.4894342102749445
353569,0.4894342102749445
354238,0.4894342102749445
355196,0.4894342102749445
364964,0.4894342102749445
364734,0.4894342102749445
363788,0.4894342102749445
364729,0.4894342102749445
362928,0.4894342102749445
354807,0.4894342102749445
359652,0.4894342102749445
361986,0.4894342102749445
358040,0.4894342102749445
364728,0.4894342102749445
364316,0.4894342102749445
352480,0.4894342102749445
361298,0.4894342102749445
355388,0.4894342102749445
362925,0.4894342102749445
357290,0.4894342102749445
356614,0.4894342102749445
356944,0.4894342102749445
354421,0.4894342102749445
358178,0.4894342102749445
361286,0.4894342102749445
364978,0.4894342102749445
359536,0.4894342102749445
359113,0.4894342102749445
364464,0.4894342102749445
354431,0.4894342102749445
355155,0.4894342102749445
363756,0.4894342102749445
363886,0.4894342102749445
362871,0.4894342102749445
352685,0.4894342102749445
360652,0.4894342102749445
354633,0.4894342102749445
364302,0.4894342102749445
364672,0.4894342102749445
358993,0.4894342102749445
361848,0.4894342102749445
357318,0.4894342102749445
362586,0.4894342102749445
353587,0.4894342102749445
363319,0.4894342102749445
360260,0.4894342102749445
352330,0.4894342102749445
356765,0.4894342102749445
359831,0.4894342102749445
353561,0.4894342102749445
359775,0.4894342102749445
359134,0.4894342102749445
364610,0.4894342102749445
359853,0.4894342102749445
359654,0.4894342102749445
361569,0.4894342102749445
356300,0.4894342102749445
364706,0.4894342102749445
354804,0.4894342102749445
363322,0.4894342102749445
356214,0.4894342102749445
354630,0.4894342102749445
354661,0.4894342102749445
355741,0.4894342102749445
357458,0.4894342102749445
360597,0.4894342102749445
357871,0.4894342102749445
353231,0.4894342102749445
362701,0.4894342102749445
356044,0.4894342102749445
359633,0.4894342102749445
356968,0.4894342102749445
358167,0.4894342102749445
363455,0.4894342102749445
361705,0.4894342102749445
361006,0.4894342102749445
363143,0.4894342102749445
356399,0.4894342102749445
364717,0.4894342102749445
364320,0.4894342102749445
362934,0.4894342102749445
355895,0.4894342102749445
361550,0.4894342102749445
364031,0.4894342102749445
357107,0.4894342102749445
357509,0.4894342102749445
353043,0.4894342102749445
361576,0.4894342102749445
360827,0.4894342102749445
359487,0.4894342102749445
356734,0.4894342102749445
354911,0.41033305458642033
358220,0.36831225493658215
363152,0.36831225493658215
358034,0.36831225493658215
354959,0.36831225493658215
358237,0.36831225493658215
355424,0.36831225493658215
356602,0.36831225493658215
363033,0.36831225493658215
356311,0.36831225493658215
364493,0.36831225493658215
355540,0.36831225493658215
360839,0.36831225493658215
360066,0.36831225493658215
359675,0.36831225493658215
361018,0.36831225493658215
362151,0.36831225493658215
362715,0.36831225493658215
353864,0.36831225493658215
361442,0.36831225493658215
361291,0.36831225493658215
361141,0.36831225493658215
362296,0.36831225493658215
358239,0.36831225493658215
357692,0.36831225493658215
357300,0.36831225493658215
358280,0.36831225493658215
354973,0.36831225493658215
364748,0.36831225493658215
360072,0.36831225493658215
361855,0.36831225493658215
354040,0.36831225493658215
353376,0.36831225493658215
361715,0.36831225493658215
353566,0.36831225493658215
361308,0.36831225493658215
360269,0.36831225493658215
354667,0.36831225493658215
362858,0.36831225493658215
354968,0.36831225493658215
357705,0.36831225493658215
360090,0.36831225493658215
360591,0.36831225493658215
354262,0.36831225493658215
358626,0.36831225493658215
361021,0.36831225493658215
363757,0.36831225493658215
355193,0.36831225493658215
363034,0.36831225493658215
358044,0.36831225493658215
353083,0.36831225493658215
362246,0.36831225493658215
361002,0.36831225493658215
352307,0.36831225493658215
353825,0.36831225493658215
360396,0.36831225493658215
362175,0.36831225493658215
364299,0.36831225493658215
354256,0.36831225493658215
361570,0.36831225493658215
363036,0.36831225493658215
355404,0.36831225493658215
359272,0.36831225493658215
364994,0.36831225493658215
358233,0.36831225493658215
357095,0.36831225493658215
352693,0.36831225493658215
360588,0.36831225493658215
358457,0.36831225493658215
354670,0.36831225493658215
356639,0.36831225493658215
361710,0.36831225493658215
357291,0.36831225493658215
354828,0.36831225493658215
359390,0.36831225493658215
353568,0.36831225493658215
354440,0.36831225493658215
353857,0.36831225493658215
356637,0.36831225493658215
352309,0.36831225493658215
362864,0.36831225493658215
357519,0.36831225493658215
359857,0.36831225493658215
364687,0.36831225493658215
357482,0.36831225493658215
361559,0.36831225493658215
364926,0.36831225493658215
359369,0.36831225493658215
352880,0.36831225493658215
357285,0.36831225493658215
361145,0.36831225493658215
355545,0.36831225493658215
358837,0.36831225493658215
364779,0.36831225493658215
363764,0.36831225493658215
352501,0.36831225493658215
360069,0.36831225493658215
362243,0.36831225493658215
364721,0.36831225493658215
358980,0.36831225493658215
361845,0.36831225493658215
364470,0.36831225493658215
356617,0.36831225493658215
361306,0.36831225493658215
360290,0.36831225493658215
354465,0.36831225493658215
359393,0.36831225493658215
361277,0.36831225493658215
359954,0.36831225493658215
354821,0.36831225493658215
363346,0.36831225493658215
361273,0.36831225493658215
357693,0.36831225493658215
355549,0.36831225493658215
359491,0.36831225493658215
359782,0.36831225493658215
354826,0.36831225493658215
357788,0.36831225493658215
358846,0.36831225493658215
361859,0.36831225493658215
356188,0.36831225493658215
363467,0.36831225493658215
354658,0.36831225493658215
359781,0.36831225493658215
352503,0.36831225493658215
360529,0.36831225493658215
364182,0.36831225493658215
361146,0.36831225493658215
356429,0.36831225493658215
363023,0.36831225493658215
354428,0.36831225493658215
361556,0.36831225493658215
363584,0.36831225493658215
352507,0.36831225493658215
362479,0.36831225493658215
354669,0.36831225493658215
357567,0.36831225493658215
356950,0.36831225493658215
363339,0.36831225493658215
361025,0.36831225493658215
355556,0.36831225493658215
358600,0.36831225493658215
359384,0.36831225493658215
364639,0.36831225493658215
364023,0.36831225493658215
359657,0.36831225493658215
356411,0.36831225493658215
364495,0.36831225493658215
364999,0.36831225493658215
354643,0.36831225493658215
364724,0.36831225493658215
362727,0.36831225493658215
363328,0.36831225493658215
362859,0.36831225493658215
363914,0.36831225493658215
355772,0.36831225493658215
362478,0.36831225493658215
352870,0.36831225493658215
359851,0.36831225493658215
355565,0.36831225493658215
359771,0.36831225493658215
355787,0.36831225493658215
355215,0.36831225493658215
357303,0.36831225493658215
360388,0.36831225493658215
354048,0.36831225493658215
354971,0.36831225493658215
360094,0.36831225493658215
353077,0.36831225493658215
352332,0.36831225493658215
363906,0.36831225493658215
358835,0.36831225493658215
364223,0.36831225493658215
356057,0.36831225493658215
355633,0.36831225493658215
354622,0.36831225493658215
359263,0.36831225493658215
357122,0.36831225493658215
354847,0.36831225493658215
357526,0.36831225493658215
362952,0.36831225493658215
354045,0.36831225493658215
359260,0.36831225493658215
363900,0.36831225493658215
356187,0.36831225493658215
359849,0.36831225493658215
361445,0.36831225493658215
364778,0.36831225493658215
356634,0.36831225493658215
356774,0.36831225493658215
355755,0.36831225493658215
356783,0.36831225493658215
358048,0.36831225493658215
352342,0.36831225493658215
353867,0.36831225493658215
361158,0.36831225493658215
362717,0.36831225493658215
361284,0.36831225493658215
362947,0.36831225493658215
364689,0.36831225493658215
358601,0.36831225493658215
353394,0.36831225493658215
362477,0.36831225493658215
352484,0.36831225493658215
354442,0.36831225493658215
362136,0.36831225493658215
358622,0.36831225493658215
361290,0.36831225493658215
353407,0.36831225493658215
357307,0.36831225493658215
352508,0.36831225493658215
362226,0.36831225493658215
361000,0.36831225493658215
355397,0.36831225493658215
361024,0.36831225493658215
355428,0.36831225493658215
355801,0.36831225493658215
362227,0.36831225493658215
361456,0.36831225493658215
358235,0.36831225493658215
356183,0.36831225493658215
354263,0.36831225493658215
359477,0.36831225493658215
356225,0.36831225493658215
359658,0.36831225493658215
362003,0.36831225493658215
357702,0.36831225493658215
354801,0.36831225493658215
361450,0.36831225493658215
354607,0.36831225493658215
360271,0.36831225493658215
362869,0.36831225493658215
356959,0.36831225493658215
362223,0.36831225493658215
359371,0.36831225493658215
355090,0.36831225493658215
355418,0.36831225493658215
361617,0.36831225493658215
362955,0.36831225493658215
356070,0.36831225493658215
360287,0.36831225493658215
357101,0.36831225493658215
354824,0.36831225493658215
361124,0.36831225493658215
359135,0.36831225493658215
356632,0.36831225493658215
354143,0.36831225493658215
357324,0.36831225493658215
363320,0.36831225493658215
360288,0.36831225493658215
357506,0.36831225493658215
355795,0.36831225493658215
358253,0.36831225493658215
357885,0.36831225493658215
360567,0.36831225493658215
361460,0.36831225493658215
358033,0.36831225493658215
353227,0.36831225493658215
358223,0.36831225493658215
362241,0.36831225493658215
359084,0.36831225493658215
363588,0.36831225493658215
354663,0.36831225493658215
358061,0.36831225493658215
357502,0.36831225493658215
360563,0.36831225493658215
359488,0.36831225493658215
364030,0.36831225493658215
356787,0.36831225493658215
354679,0.36831225493658215
357287,0.36831225493658215
357322,0.36831225493658215
362147,0.36831225493658215
356777,0.36831225493658215
361295,0.36831225493658215
353403,0.36831225493658215
364289,0.36831225493658215
364184,0.36831225493658215
352696,0.36831225493658215
361020,0.36831225493658215
364278,0.36831225493658215
362301,0.36831225493658215
362298,0.36831225493658215
358844,0.36831225493658215
357347,0.36831225493658215
355426,0.36831225493658215
356949,0.36831225493658215
357103,0.36831225493658215
355403,0.36831225493658215
363905,0.36831225493658215
361008,0.36831225493658215
355769,0.36831225493658215
355559,0.36831225493658215
364311,0.36831225493658215
359377,0.36831225493658215
358252,0.36831225493658215
353578,0.36831225493658215
355909,0.36831225493658215
361690,0.36831225493658215
354260,0.36831225493658215
361575,0.36831225493658215
355822,0.36831225493658215
361552,0.36831225493658215
364667,0.36831225493658215
363146,0.36831225493658215
364314,0.36831225493658215
364462,0.36831225493658215
358834,0.36831225493658215
360649,0.36831225493658215
364041,0.36831225493658215
355563,0.36831225493658215
357709,0.36831225493658215
357887,0.36831225493658215
362284,0.36831225493658215
352497,0.36831225493658215
352487,0.36831225493658215
361839,0.36831225493658215
364036,0.36831225493658215
354054,0.36831225493658215
355420,0.36831225493658215
353494,0.36831225493658215
364666,0.36831225493658215
360604,0.36831225493658215
360558,0.36831225493658215
362480,0.36831225493658215
355753,0.36831225493658215
359673,0.36831225493658215
352343,0.36831225493658215
359656,0.36831225493658215
362225,0.36831225493658215
359674,0.36831225493658215
363918,0.36831225493658215
365001,0.36831225493658215
356246,0.36831225493658215
357124,0.36831225493658215
357882,0.36831225493658215
364770,0.36831225493658215
364044,0.36831225493658215
359854,0.36831225493658215
364751,0.36831225493658215
357485,0.36831225493658215
361001,0.36831225493658215
358458,0.36831225493658215
352344,0.36831225493658215
361292,0.36831225493658215
361003,0.36831225493658215
361857,0.36831225493658215
356781,0.36831225493658215
354820,0.36831225493658215
358625,0.36831225493658215
362153,0.36831225493658215
353872,0.36831225493658215
364628,0.36831225493658215
360589,0.36831225493658215
363345,0.36831225493658215
364315,0.36831225493658215
353413,0.36831225493658215
356180,0.36831225493658215
354220,0.36831225493658215
356058,0.36831225493658215
358331,0.36831225493658215
356245,0.36831225493658215
358459,0.36831225493658215
355776,0.36831225493658215
361282,0.36831225493658215
356068,0.36831225493658215
360842,0.36831225493658215
361028,0.36831225493658215
356182,0.36831225493658215
355182,0.36831225493658215
358067,0.36831225493658215
354443,0.36831225493658215
358066,0.36831225493658215
358610,0.36831225493658215
363898,0.36831225493658215
356413,0.36831225493658215
359858,0.36831225493658215
358063,0.36831225493658215
361463,0.36831225493658215
364458,0.36831225493658215
361287,0.36831225493658215
362930,0.36831225493658215
358734,0.36831225493658215
358227,0.36831225493658215
360997,0.36831225493658215
362273,0.36831225493658215
361856,0.36831225493658215
362723,0.36831225493658215
356790,0.36831225493658215
362132,0.36831225493658215
360273,0.36831225493658215
356638,0.36831225493658215
360590,0.36831225493658215
358254,0.36831225493658215
358216,0.36831225493658215
360088,0.36831225493658215
356611,0.36831225493658215
358721,0.36831225493658215
364735,0.36831225493658215
352493,0.36831225493658215
357701,0.36831225493658215
353865,0.36831225493658215
353860,0.36831225493658215
364739,0.36831225493658215
354950,0.36831225493658215
359852,0.36831225493658215
363916,0.36831225493658215
356951,0.36831225493658215
360011,0.36831225493658215
357498,0.36831225493658215
353861,0.36831225493658215
355806,0.36831225493658215
362890,0.36831225493658215
353388,0.36831225493658215
357507,0.36831225493658215
364776,0.36831225493658215
363153,0.36831225493658215
358616,0.36831225493658215
361709,0.36831225493658215
360294,0.36831225493658215
363896,0.36831225493658215
355770,0.36831225493658215
359270,0.36831225493658215
360847,0.36831225493658215
360293,0.36831225493658215
361446,0.36831225493658215
364986,0.36831225493658215
363459,0.36831225493658215
360292,0.36831225493658215
355429,0.36831225493658215
358046,0.36831225493658215
361129,0.36831225493658215
364253,0.36831225493658215
358981,0.36831225493658215
361296,0.2617952047219867
363160,0.2617952047219867
365009,0.2617952047219867
355198,0.2617952047219867
361998,0.2617952047219867
364715,0.2617952047219867
362015,0.2617952047219867
358984,0.2617952047219867
361313,0.2617952047219867
363040,0.2617952047219867
352705,0.2617952047219867
359131,0.2617952047219867
354459,0.2617952047219867
361864,0.2617952047219867
362483,0.2617952047219867
356119,0.2617952047219867
359507,0.2617952047219867
358467,0.2617952047219867
354962,0.2617952047219867
353879,0.2617952047219867
360263,0.2617952047219867
353236,0.2617952047219867
359255,0.2617952047219867
359785,0.2617952047219867
354854,0.2617952047219867
359959,0.2617952047219867
355389,0.2617952047219867
355567,0.2617952047219867
363154,0.2617952047219867
357493,0.2617952047219867
357313,0.2617952047219867
362734,0.2617952047219867
354629,0.2617952047219867
359495,0.2617952047219867
355222,0.2617952047219867
356055,0.2617952047219867
359498,0.2617952047219867
363774,0.2617952047219867
362461,0.2617952047219867
361011,0.2617952047219867
361012,0.2617952047219867
361861,0.2617952047219867
358229,0.2617952047219867
363157,0.2617952047219867
353166,0.2617952047219867
364032,0.2617952047219867
358298,0.2617952047219867
364332,0.2617952047219867
355761,0.2617952047219867
360075,0.2617952047219867
355905,0.2617952047219867
358273,0.2617952047219867
353075,0.2617952047219867
352692,0.2617952047219867
360598,0.2617952047219867
352680,0.2617952047219867
356569,0.2617952047219867
364699,0.2617952047219867
354817,0.2617952047219867
364167,0.2617952047219867
357112,0.2617952047219867
364323,0.2617952047219867
358282,0.2617952047219867
357883,0.2617952047219867
364193,0.2617952047219867
359499,0.2617952047219867
360610,0.2617952047219867
356249,0.2617952047219867
359680,0.2617952047219867
354673,0.2617952047219867
359121,0.2617952047219867
355411,0.2617952047219867
359648,0.2617952047219867
357221,0.2617952047219867
361996,0.2617952047219867
360409,0.2617952047219867
354842,0.2617952047219867
364252,0.2617952047219867
361865,0.2617952047219867
361166,0.2617952047219867
361314,0.2617952047219867
359956,0.2617952047219867
352522,0.2617952047219867
352886,0.2617952047219867
361566,0.2617952047219867
355775,0.2617952047219867
363032,0.2617952047219867
356075,0.2617952047219867
357297,0.2617952047219867
357128,0.2617952047219867
362488,0.2617952047219867
353888,0.2617952047219867
359143,0.2617952047219867
354061,0.2617952047219867
357222,0.2617952047219867
357521,0.2617952047219867
356962,0.2617952047219867
363168,0.2617952047219867
363038,0.2617952047219867
358029,0.2617952047219867
363771,0.2617952047219867
355413,0.2617952047219867
356315,0.2617952047219867
361867,0.2617952047219867
354435,0.2617952047219867
364626,0.2617952047219867
356795,0.2617952047219867
359605,0.2617952047219867
354047,0.2617952047219867
358996,0.2617952047219867
358723,0.2617952047219867
353241,0.2617952047219867
353405,0.2617952047219867
355911,0.2617952047219867
353518,0.2617952047219867
356228,0.2617952047219867
354178,0.2617952047219867
357108,0.2617952047219867
364485,0.2617952047219867
360609,0.2617952047219867
363155,0.2617952047219867
361437,0.2617952047219867
357510,0.2617952047219867
360230,0.2617952047219867
356313,0.2617952047219867
360991,0.2617952047219867
354756,0.2617952047219867
364695,0.2617952047219867
357525,0.2617952047219867
358172,0.2617952047219867
360854,0.2617952047219867
360401,0.2617952047219867
356306,0.2617952047219867
359608,0.2617952047219867
360233,0.2617952047219867
363136,0.2617952047219867
356642,0.2617952047219867
354853,0.2617952047219867
361299,0.2617952047219867
364047,0.2617952047219867
358568,0.2617952047219867
355812,0.2617952047219867
356624,0.2617952047219867
353243,0.2617952047219867
357628,0.2617952047219867
363780,0.2617952047219867
364015,0.2617952047219867
358731,0.2617952047219867
364196,0.2617952047219867
354235,0.2617952047219867
358212,0.2617952047219867
355179,0.2617952047219867
353404,0.2617952047219867
360232,0.2617952047219867
353878,0.2617952047219867
361698,0.2617952047219867
358464,0.2617952047219867
360601,0.2617952047219867
356307,0.2617952047219867
364038,0.2617952047219867
364995,0.2617952047219867
361592,0.2617952047219867
354177,0.2617952047219867
353582,0.2617952047219867
358620,0.2617952047219867
363472,0.2617952047219867
364191,0.2617952047219867
360955,0.2617952047219867
354850,0.2617952047219867
353072,0.2617952047219867
358850,0.2617952047219867
358005,0.2617952047219867
358471,0.2617952047219867
354470,0.2617952047219867
363909,0.2617952047219867
363773,0.2617952047219867
352715,0.2617952047219867
360843,0.2617952047219867
363923,0.2617952047219867
356014,0.2617952047219867
355202,0.2617952047219867
364996,0.2617952047219867
362823,0.2617952047219867
358480,0.2617952047219867
359960,0.2617952047219867
362735,0.2617952047219867
359731,0.2617952047219867
356771,0.2617952047219867
352331,0.2617952047219867
357216,0.2617952047219867
361010,0.2617952047219867
356753,0.2617952047219867
363284,0.2617952047219867
358453,0.2617952047219867
353065,0.2617952047219867
361136,0.2617952047219867
359382,0.2617952047219867
357905,0.2617952047219867
364201,0.2617952047219867
354448,0.2617952047219867
361707,0.2617952047219867
358006,0.2617952047219867
364333,0.2617952047219867
358482,0.2617952047219867
361706,0.2617952047219867
361720,0.2617952047219867
356628,0.2617952047219867
363336,0.2617952047219867
360278,0.2617952047219867
362144,0.2617952047219867
356612,0.2617952047219867
361851,0.2617952047219867
356017,0.2617952047219867
360600,0.2617952047219867
359774,0.2617952047219867
355570,0.2617952047219867
360954,0.2617952047219867
355915,0.2617952047219867
363149,0.2617952047219867
355759,0.2617952047219867
362926,0.2617952047219867
355916,0.2617952047219867
358470,0.2617952047219867
356629,0.2617952047219867
356016,0.2617952047219867
358281,0.2617952047219867
364698,0.2617952047219867
353592,0.2617952047219867
356606,0.2617952047219867
363753,0.2617952047219867
362245,0.2617952047219867
358604,0.2617952047219867
357304,0.2617952047219867
362285,0.2617952047219867
352253,0.2617952047219867
352816,0.2617952047219867
364048,0.2617952047219867
361863,0.2617952047219867
361302,0.2617952047219867
359142,0.2617952047219867
356969,0.2617952047219867
355434,0.2617952047219867
359132,0.2617952047219867
361137,0.2617952047219867
364467,0.2617952047219867
354652,0.2617952047219867
357223,0.2617952047219867
352329,0.2617952047219867
358242,0.2617952047219867
352520,0.2617952047219867
354818,0.2617952047219867
359863,0.2617952047219867
360654,0.2617952047219867
360400,0.2617952047219867
354569,0.2617952047219867
354814,0.2617952047219867
358849,0.2617952047219867
352704,0.2617952047219867
361152,0.2617952047219867
354449,0.2617952047219867
361836,0.2617952047219867
356189,0.2617952047219867
354978,0.2617952047219867
356763,0.2617952047219867
358481,0.2617952047219867
362486,0.2617952047219867
359653,0.2617952047219867
358071,0.2617952047219867
354452,0.2617952047219867
364321,0.2617952047219867
357677,0.2617952047219867
357489,0.2617952047219867
363158,0.2617952047219867
358833,0.2617952047219867
356314,0.2617952047219867
360231,0.2617952047219867
355395,0.2617952047219867
359668,0.2617952047219867
364643,0.2617952047219867
363479,0.2617952047219867
352316,0.2617952047219867
359607,0.2617952047219867
352700,0.2617952047219867
357717,0.2617952047219867
358988,0.2617952047219867
353589,0.2617952047219867
363337,0.2617952047219867
354254,0.2617952047219867
358228,0.2617952047219867
353059,0.2617952047219867
364033,0.2617952047219867
353596,0.2617952047219867
364702,0.2617952047219867
357902,0.2617952047219867
354810,0.2617952047219867
364705,0.2617952047219867
354468,0.2617952047219867
358054,0.2617952047219867
356195,0.2617952047219867
355827,0.2617952047219867
364200,0.2617952047219867
364251,0.2617952047219867
362220,0.2617952047219867
355201,0.2617952047219867
358265,0.2617952047219867
356065,0.2617952047219867
359269,0.2617952047219867
358268,0.2617952047219867
353386,0.2617952047219867
363759,0.2617952047219867
362176,0.2617952047219867
364020,0.2617952047219867
361160,0.2617952047219867
353415,0.2617952047219867
358605,0.2617952047219867
355810,0.2617952047219867
357527,0.2617952047219867
355347,0.2617952047219867
353586,0.2617952047219867
364983,0.2617952047219867
359141,0.2617952047219867
353885,0.2617952047219867
359222,0.2617952047219867
353248,0.2617952047219867
363480,0.2617952047219867
358733,0.2617952047219867
353084,0.2617952047219867
358037,0.2617952047219867
363895,0.2617952047219867
362724,0.2617952047219867
361303,0.2617952047219867
356186,0.17743058693817293
357119,0.17743058693817293
355816,0.17743058693817293
360082,0.17743058693817293
359856,0.17743058693817293
357321,0.08695715216995659
371084,0.0
367573,0.0
375469,0.0
370734,0.0
376888,0.0
378396,0.0
365728,0.0
371265,0.0
375921,0.0
372264,0.0
370695,0.0
368409,0.0
373949,0.0
368252,0.0
367236,0.0
376886,0.0
366526,0.0
373983,0.0
369345,0.0
370250,0.0
374316,0.0
371404,0.0
374603,0.0
365267,0.0
369638,0.0
367613,0.0
372230,0.0
371656,0.0
367363,0.0
377576,0.0
372688,0.0
367571,0.0
366663,0.0
373102,0.0
375321,0.0
376839,0.0
377738,0.0
371610,0.0
372769,0.0
367925,0.0
367926,0.0
372340,0.0
370188,0.0
375761,0.0
366509,0.0
365189,0.0
369305,0.0
373113,0.0
370748,0.0
365616,0.0
368587,0.0
378419,0.0
370169,0.0
366987,0.0
371980,0.0
372259,0.0
369329,0.0
376488,0.0
367887,0.0
367023,0.0
375028,0.0
375307,0.0
377448,0.0
366095,0.0
368864,0.0
371375,0.0
376670,0.0
367930,0.0
376086,0.0
366986,0.0
375587,0.0
373681,0.0
369793,0.0
377898,0.0
367719,0.0
370552,0.0
374906,0.0
373214,0.0
366492,0.0
374289,0.0
374773,0.0
370558,0.0
371089,0.0
377504,0.0
373653,0.0
376422,0.0
366885,0.0
371788,0.0
371989,0.0
374582,0.0
369877,0.0
367511,0.0
372131,0.0
368600,0.0
367886,0.0
372232,0.0
375040,0.0
365416,0.0
376096,0.0
377796,0.0
374456,0.0
366994,0.0
365168,0.0
372226,0.0
368267,0.0
370896,0.0
367512,0.0
367004,0.0
370909,0.0
369017,0.0
373344,0.0
366205,0.0
374259,0.0
376638,0.0
372346,0.0
366706,0.0
367338,0.0
373796,0.0
367884,0.0
367553,0.0
366495,0.0
375171,0.0
372673,0.0
374787,0.0
373658,0.0
370885,0.0
366058,0.0
368061,0.0
371378,0.0
368260,0.0
376328,0.0
372896,0.0
378306,0.0
367215,0.0
372815,0.0
374455,0.0
370737,0.0
377001,0.0
374327,0.0
369983,0.0
366930,0.0
368432,0.0
373120,0.0
369795,0.0
369798,0.0
371387,0.0
366871,0.0
366515,0.0
368657,0.0
369546,0.0
375473,0.0
377490,0.0
375048,0.0
369980,0.0
369613,0.0
374310,0.0
372241,0.0
369805,0.0
375452,0.0
365608,0.0
373827,0.0
370164,0.0
370257,0.0
371598,0.0
373965,0.0
369487,0.0
374465,0.0
374296,0.0
377183,0.0
377629,0.0
365740,0.0
371420,0.0
367205,0.0
378388,0.0
365751,0.0
373123,0.0
376355,0.0
372743,0.0
367932,0.0
374927,0.0
367540,0.0
376512,0.0
367537,0.0
374427,0.0
377651,0.0
366673,0.0
365208,0.0
368269,0.0
377924,0.0
369824,0.0
377350,0.0
371595,0.0
370891,0.0
371792,0.0
368559,0.0
367879,0.0
368710,0.0
372324,0.0
376504,0.0
375780,0.0
376102,0.0
372096,0.0
374446,0.0
365384,0.0
368700,0.0
377638,0.0
375299,0.0
373371,0.0
368976,0.0
370924,0.0
367546,0.0
367364,0.0
375310,0.0
366066,0.0
370818,0.0
376345,0.0
371815,0.0
377776,0.0
373453,0.0
377494,0.0
377460,0.0
370267,0.0
373469,0.0
376649,0.0
372711,0.0
369018,0.0
369817,0.0
368218,0.0
372902,0.0
372679,0.0
368424,0.0
369804,0.0
367928,0.0
373439,0.0
372331,0.0
376083,0.0
373258,0.0
373685,0.0
368410,0.0
369004,0.0
374146,0.0
368720,0.0
365443,0.0
377786,0.0
367899,0.0
370910,0.0
367720,0.0
375436,0.0
375625,0.0
370272,0.0
375301,0.0
371281,0.0
365431,0.0
365534,0.0
378251,0.0
368097,0.0
376323,0.0
367180,0.0
369599,0.0
368727,0.0
375924,0.0
368437,0.0
368849,0.0
378381,0.0
371751,0.0
375194,0.0
378405,0.0
372323,0.0
378303,0.0
365167,0.0
374447,0.0
368253,0.0
372898,0.0
368438,0.0
373984,0.0
373816,0.0
371551,0.0
376892,0.0
371065,0.0
370288,0.0
368186,0.0
373821,0.0
371262,0.0
376920,0.0
368085,0.0
373378,0.0
368425,0.0
376081,0.0
371604,0.0
371633,0.0
369969,0.0
368834,0.0
375166,0.0
371638,0.0
370576,0.0
371826,0.0
376832,0.0
367753,0.0
372332,0.0
367918,0.0
366716,0.0
374119,0.0
368264,0.0
378083,0.0
367891,0.0
367399,0.0
368058,0.0
369606,0.0
365442,0.0
370573,0.0
374824,0.0
374605,0.0
367711,0.0
365199,0.0
368222,0.0
375465,0.0
370592,0.0
373380,0.0
374590,0.0
367908,0.0
366107,0.0
372534,0.0
374078,0.0
366097,0.0
367898,0.0
375126,0.0
367735,0.0
370545,0.0
368677,0.0
365591,0.0
369174,0.0
366124,0.0
368012,0.0
366278,0.0
369978,0.0
368421,0.0
371255,0.0
374928,0.0
375588,0.0
366850,0.0
367902,0.0
371819,0.0
368973,0.0
372103,0.0
369180,0.0
377618,0.0
368402,0.0
371105,0.0
375303,0.0
368731,0.0
366263,0.0
365570,0.0
367566,0.0
370542,0.0
371376,0.0
366098,0.0
370158,0.0
367408,0.0
365594,0.0
373106,0.0
366886,0.0
371597,0.0
375264,0.0
372125,0.0
374576,0.0
373953,0.0
369308,0.0
365187,0.0
371643,0.0
378414,0.0
367536,0.0
367189,0.0
376865,0.0
372282,0.0
370210,0.0
377807,0.0
372107,0.0
374788,0.0
370147,0.0
370098,0.0
371586,0.0
365440,0.0
376333,0.0
374448,0.0
378071,0.0
378189,0.0
377766,0.0
365314,0.0
375285,0.0
377958,0.0
377331,0.0
367384,0.0
374139,0.0
375295,0.0
370577,0.0
365437,0.0
373445,0.0
366870,0.0
370249,0.0
368289,0.0
370209,0.0
372554,0.0
368604,0.0
368411,0.0
367495,0.0
365602,0.0
377931,0.0
375904,0.0
373480,0.0
374556,0.0
366100,0.0
370929,0.0
370157,0.0
366804,0.0
371094,0.0
378054,0.0
371088,0.0
366869,0.0
375599,0.0
374581,0.0
367699,0.0
377901,0.0
368433,0.0
368594,0.0
370246,0.0
369588,0.0
366860,0.0
373447,0.0
371621,0.0
370701,0.0
374739,0.0
368256,0.0
376359,0.0
376876,0.0
374940,0.0
374607,0.0
368838,0.0
377365,0.0
368192,0.0
365599,0.0
365747,0.0
367413,0.0
371657,0.0
367754,0.0
375195,0.0
373823,0.0
367532,0.0
366974,0.0
367522,0.0
366092,0.0
366983,0.0
365597,0.0
376120,0.0
373824,0.0
370280,0.0
373466,0.0
369586,0.0
375622,0.0
370565,0.0
365867,0.0
373267,0.0
368569,0.0
373963,0.0
367400,0.0
375922,0.0
376112,0.0
367173,0.0
372326,0.0
376234,0.0
369178,0.0
375908,0.0
367561,0.0
366650,0.0
376233,0.0
371813,0.0
376993,0.0
373515,0.0
369987,0.0
369274,0.0
370103,0.0
375760,0.0
367910,0.0
373928,0.0
370567,0.0
374602,0.0
366505,0.0
366101,0.0
376486,0.0
370584,0.0
375896,0.0
371778,0.0
367920,0.0
376243,0.0
374751,0.0
369476,0.0
375037,0.0
372965,0.0
367740,0.0
372877,0.0
371593,0.0
377735,0.0
376350,0.0
376912,0.0
374313,0.0
365609,0.0
372085,0.0
377713,0.0
366844,0.0
375621,0.0
367927,0.0
375296,0.0
368590,0.0
376674,0.0
369006,0.0
369585,0.0
367192,0.0
371967,0.0
367220,0.0
368839,0.0
377194,0.0
369777,0.0
368987,0.0
365462,0.0
376487,0.0
375318,0.0
376046,0.0
366865,0.0
374905,0.0
371228,0.0
378249,0.0
376680,0.0
376094,0.0
367336,0.0
369942,0.0
374604,0.0
374914,0.0
365783,0.0
375903,0.0
365607,0.0
374912,0.0
374931,0.0
373428,0.0
369315,0.0
371613,0.0
375313,0.0
372563,0.0
369549,0.0
368230,0.0
373104,0.0
375857,0.0
375781,0.0
376878,0.0
377471,0.0
369788,0.0
378187,0.0
373468,0.0
371811,0.0
375454,0.0
376338,0.0
365784,0.0
372736,0.0
368750,0.0
369151,0.0
376454,0.0
369605,0.0
368415,0.0
369422,0.0
367005,0.0
373248,0.0
366240,0.0
368287,0.0
367365,0.0
371074,0.0
372964,0.0
373669,0.0
374783,0.0
368266,0.0
368265,0.0
371362,0.0
374779,0.0
373680,0.0
366523,0.0
365434,0.0
370251,0.0
368978,0.0
369152,0.0
365324,0.0
370381,0.0
368270,0.0
375284,0.0
368290,0.0
376449,0.0
368413,0.0
367183,0.0
373424,0.0
375594,0.0
369938,0.0
375912,0.0
369463,0.0
371370,0.0
368373,0.0
371584,0.0
376489,0.0
372110,0.0
375918,0.0
373472,0.0
376191,0.0
372556,0.0
369631,0.0
366078,0.0
377362,0.0
374755,0.0
366105,0.0
371772,0.0
378240,0.0
376116,0.0
368240,0.0
369450,0.0
378101,0.0
378409,0.0
376326,0.0
369159,0.0
368392,0.0
365776,0.0
365900,0.0
370181,0.0
374558,0.0
375294,0.0
370270,0.0
366276,0.0
376754,0.0
371774,0.0
372557,0.0
367551,0.0
369470,0.0
367233,0.0
367015,0.0
372133,0.0
366087,0.0
368248,0.0
366843,0.0
367565,0.0
365408,0.0
368988,0.0
375191,0.0
367695,0.0
366692,0.0
366665,0.0
373822,0.0
368718,0.0
378384,0.0
372875,0.0
369034,0.0
371035,0.0
369810,0.0
369448,0.0
372895,0.0
373623,0.0
369191,0.0
370274,0.0
369976,0.0
372128,0.0
375147,0.0
368403,0.0
367214,0.0
369790,0.0
374764,0.0
375453,0.0
373974,0.0
365759,0.0
371097,0.0
371629,0.0
368238,0.0
376477,0.0
371294,0.0
368196,0.0
368558,0.0
365126,0.0
372102,0.0
377779,0.0
372249,0.0
365191,0.0
372805,0.0
376896,0.0
370693,0.0
374432,0.0
371780,0.0
370553,0.0
371079,0.0
375312,0.0
378377,0.0
373683,0.0
375297,0.0
371609,0.0
376646,0.0
370125,0.0
365197,0.0
372255,0.0
366674,0.0
375457,0.0
374292,0.0
374330,0.0
378426,0.0
366853,0.0
366498,0.0
368246,0.0
365460,0.0
367218,0.0
369625,0.0
371642,0.0
372683,0.0
370152,0.0
367334,0.0
373091,0.0
374113,0.0
368734,0.0
365420,0.0
375210,0.0
370287,0.0
371411,0.0
366693,0.0
369784,0.0
366108,0.0
372136,0.0
370538,0.0
367688,0.0
375293,0.0
376889,0.0
368416,0.0
370187,0.0
372090,0.0
366273,0.0
368974,0.0
367724,0.0
369015,0.0
374784,0.0
369279,0.0
367743,0.0
368858,0.0
374758,0.0
376242,0.0
371417,0.0
371047,0.0
372569,0.0
371771,0.0
368518,0.0
365272,0.0
365206,0.0
367577,0.0
365432,0.0
369176,0.0
377797,0.0
366490,0.0
377783,0.0
367523,0.0
371618,0.0
370382,0.0
375615,0.0
372796,0.0
367847,0.0
365415,0.0
371605,0.0
365761,0.0
372888,0.0
368733,0.0
376657,0.0
366954,0.0
372251,0.0
365269,0.0
369814,0.0
368675,0.0
365313,0.0
375784,0.0
377455,0.0
371589,0.0
365180,0.0
365409,0.0
368681,0.0
375911,0.0
367401,0.0
365270,0.0
373835,0.0
370167,0.0
378397,0.0
375602,0.0
365461,0.0
377303,0.0
366059,0.0
370900,0.0
367633,0.0
367372,0.0
367874,0.0
367388,0.0
374770,0.0
366889,0.0
377652,0.0
369629,0.0
369996,0.0
376108,0.0
368565,0.0
374732,0.0
367010,0.0
368382,0.0
367906,0.0
370268,0.0
365768,0.0
369989,0.0
367534,0.0
366863,0.0
373210,0.0
376914,0.0
374462,0.0
377792,0.0
365734,0.0
375049,0.0
369012,0.0
367409,0.0
372692,0.0
370902,0.0
371250,0.0
373105,0.0
373452,0.0
375696,0.0
365246,0.0
367733,0.0
375442,0.0
366888,0.0
373461,0.0
365735,0.0
370569,0.0
374315,0.0
374920,0.0
367191,0.0
374919,0.0
366845,0.0
378186,0.0
374126,0.0
371970,0.0
367550,0.0
366502,0.0
368380,0.0
365769,0.0
374140,0.0
373460,0.0
371971,0.0
377624,0.0
372810,0.0
375060,0.0
376093,0.0
367185,0.0
365589,0.0
372512,0.0
373992,0.0
371264,0.0
371254,0.0
374754,0.0
372704,0.0
366831,0.0
365733,0.0
377320,0.0
368602,0.0
376658,0.0
369302,0.0
371076,0.0
372770,0.0
371360,0.0
365904,0.0
372782,0.0
372222,0.0
376091,0.0
369460,0.0
365407,0.0
370731,0.0
366709,0.0
366090,0.0
377774,0.0
375889,0.0
366265,0.0
365889,0.0
377203,0.0
367744,0.0
377777,0.0
371267,0.0
367894,0.0
365322,0.0
373243,0.0
371292,0.0
371571,0.0
374134,0.0
376897,0.0
370523,0.0
365910,0.0
367019,0.0
369014,0.0
374757,0.0
367892,0.0
369294,0.0
372570,0.0
370141,0.0
371402,0.0
365869,0.0
374074,0.0
369825,0.0
368730,0.0
371796,0.0
374320,0.0
378215,0.0
374608,0.0
370168,0.0
371957,0.0
375053,0.0
368099,0.0
369452,0.0
377964,0.0
377648,0.0
366517,0.0
369193,0.0
373111,0.0
365753,0.0
373369,0.0
373442,0.0
368258,0.0
376873,0.0
368582,0.0
375471,0.0
366519,0.0
365387,0.0
377767,0.0
374620,0.0
367222,0.0
372310,0.0
377157,0.0
373932,0.0
378401,0.0
371550,0.0
372657,0.0
368389,0.0
369982,0.0
378027,0.0
365888,0.0
378403,0.0
369815,0.0
371832,0.0
370155,0.0
373245,0.0
368573,0.0
378223,0.0
371625,0.0
370370,0.0
367201,0.0
378094,0.0
375463,0.0
374630,0.0
378239,0.0
369192,0.0
375478,0.0
366689,0.0
374913,0.0
371393,0.0
366662,0.0
373467,0.0
372309,0.0
372231,0.0
365195,0.0
369465,0.0
372689,0.0
374939,0.0
367392,0.0
373958,0.0
371655,0.0
377639,0.0
375601,0.0
371636,0.0
365383,0.0
376906,0.0
376123,0.0
376980,0.0
376348,0.0
366683,0.0
368214,0.0
365569,0.0
366872,0.0
367885,0.0
376885,0.0
365863,0.0
368930,0.0
372701,0.0
377361,0.0
365756,0.0
366688,0.0
375610,0.0
365621,0.0
369430,0.0
378103,0.0
378395,0.0
373896,0.0
376911,0.0
372765,0.0
366207,0.0
375913,0.0
371270,0.0
374419,0.0
370134,0.0
373814,0.0
377333,0.0
376226,0.0
369818,0.0
368680,0.0
374426,0.0
365429,0.0
374918,0.0
372806,0.0
373384,0.0
372109,0.0
366524,0.0
368658,0.0
368728,0.0
376493,0.0
366126,0.0
368601,0.0
370153,0.0
370243,0.0
369808,0.0
369145,0.0
368524,0.0
367543,0.0
375035,0.0
367691,0.0
367217,0.0
370161,0.0
365578,0.0
374575,0.0
367418,0.0
372812,0.0
374463,0.0
365617,0.0
378407,0.0
373444,0.0
371749,0.0
373256,0.0
367713,0.0
368901,0.0
368724,0.0
367897,0.0
365876,0.0
378410,0.0
376490,0.0
367421,0.0
372347,0.0
368577,0.0
371280,0.0
371626,0.0
376073,0.0
375311,0.0
366823,0.0
366696,0.0
366624,0.0
375306,0.0
377933,0.0
369593,0.0
369464,0.0
372794,0.0
377432,0.0
377801,0.0
367574,0.0
367422,0.0
375931,0.0
367170,0.0
374464,0.0
373804,0.0
377954,0.0
367370,0.0
369395,0.0
375995,0.0
372636,0.0
374429,0.0
368544,0.0
369619,0.0
369455,0.0
378106,0.0
376890,0.0
373237,0.0
374929,0.0
365579,0.0
371421,0.0
375460,0.0
374577,0.0
374600,0.0
377808,0.0
369186,0.0
370276,0.0
370256,0.0
373254,0.0
365349,0.0
369617,0.0
367888,0.0
370918,0.0
372959,0.0
365750,0.0
366062,0.0
374428,0.0
366687,0.0
376098,0.0
371637,0.0
371557,0.0
367901,0.0
366990,0.0
366992,0.0
366277,0.0
370571,0.0
370278,0.0
376567,0.0
368268,0.0
368570,0.0
371768,0.0
369612,0.0
376117,0.0
367018,0.0
370240,0.0
367684,0.0
366963,0.0
373249,0.0
369001,0.0
368288,0.0
373250,0.0
373644,0.0
365254,0.0
375177,0.0
371048,0.0
368703,0.0
376496,0.0
369160,0.0
377450,0.0
373652,0.0
377489,0.0
369183,0.0
375786,0.0
367385,0.0
372097,0.0
374437,0.0
372786,0.0
367535,0.0
369164,0.0
372124,0.0
372305,0.0
367216,0.0
375775,0.0
378068,0.0
367533,0.0
374525,0.0
367893,0.0
376644,0.0
376785,0.0
376080,0.0
368682,0.0
369990,0.0
375891,0.0
377761,0.0
376304,0.0
374936,0.0
365467,0.0
366252,0.0
369444,0.0
370248,0.0
371639,0.0
373477,0.0
365739,0.0
370233,0.0
371793,0.0
367366,0.0
378018,0.0
376503,0.0
371279,0.0
376103,0.0
372795,0.0
374318,0.0
365325,0.0
367417,0.0
368580,0.0
366708,0.0
365595,0.0
372343,0.0
366077,0.0
368742,0.0
367726,0.0
369325,0.0
368560,0.0
373813,0.0
369968,0.0
371300,0.0
373950,0.0
372907,0.0
371825,0.0
370142,0.0
372558,0.0
366094,0.0
370582,0.0
374554,0.0
377037,0.0
376349,0.0
365247,0.0
374434,0.0
376668,0.0
376986,0.0
370899,0.0
370886,0.0
377196,0.0
377202,0.0
372130,0.0
370913,0.0
374328,0.0
368043,0.0
378102,0.0
370005,0.0
371926,0.0
376995,0.0
365262,0.0
370220,0.0
373238,0.0
376811,0.0
373654,0.0
371801,0.0
365320,0.0
375618,0.0
378049,0.0
377775,0.0
371286,0.0
366697,0.0
366881,0.0
367731,0.0
365166,0.0
377952,0.0
369991,0.0
367341,0.0
376781,0.0
369594,0.0
366649,0.0
367549,0.0
365310,0.0
373253,0.0
367513,0.0
369462,0.0
371786,0.0
370212,0.0
376901,0.0
374452,0.0
375474,0.0
371299,0.0
372962,0.0
368998,0.0
377467,0.0
371601,0.0
367178,0.0
371407,0.0
375437,0.0
367355,0.0
372357,0.0
368993,0.0
368051,0.0
370560,0.0
368083,0.0
378380,0.0
365186,0.0
369126,0.0
377464,0.0
369876,0.0
369816,0.0
372843,0.0
378082,0.0
369323,0.0
373235,0.0
375292,0.0
368098,0.0
366676,0.0
365251,0.0
375409,0.0
365326,0.0
377604,0.0
366516,0.0
366717,0.0
370834,0.0
366707,0.0
378404,0.0
367398,0.0
371289,0.0
375567,0.0
376215,0.0
376640,0.0
377351,0.0
373405,0.0
370724,0.0
372901,0.0
373383,0.0
371622,0.0
365771,0.0
377454,0.0
372803,0.0
377610,0.0
369344,0.0
365908,0.0
369945,0.0
377798,0.0
373805,0.0
373825,0.0
368990,0.0
371058,0.0
375901,0.0
376684,0.0
365618,0.0
366125,0.0
371405,0.0
372540,0.0
376216,0.0
370733,0.0
366082,0.0
369299,0.0
376235,0.0
366666,0.0
368422,0.0
372678,0.0
371773,0.0
366821,0.0
376919,0.0
369177,0.0
373121,0.0
366104,0.0
369472,0.0
367518,0.0
370266,0.0
367410,0.0
368745,0.0
374116,0.0
367552,0.0
370551,0.0
368414,0.0
367389,0.0
366859,0.0
366598,0.0
370380,0.0
366121,0.0
371969,0.0
372702,0.0
374098,0.0
367003,0.0
369187,0.0
375315,0.0
369431,0.0
372129,0.0
377632,0.0
371990,0.0
369021,0.0
377927,0.0
373070,0.0
370709,0.0
371083,0.0
374777,0.0
372891,0.0
372767,0.0
372329,0.0
371983,0.0
377371,0.0
372345,0.0
369597,0.0
367223,0.0
373435,0.0
368996,0.0
366672,0.0
365890,0.0
370518,0.0
377457,0.0
376932,0.0
370286,0.0
365884,0.0
371291,0.0
369473,0.0
367723,0.0
377449,0.0
375792,0.0
369421,0.0
372787,0.0
365249,0.0
368550,0.0
373217,0.0
375791,0.0
369153,0.0
374500,0.0
373473,0.0
366957,0.0
376810,0.0
371295,0.0
378427,0.0
378231,0.0
366962,0.0
366700,0.0
370579,0.0
374738,0.0
377372,0.0
368406,0.0
374293,0.0
368404,0.0
371363,0.0
374615,0.0
368568,0.0
377478,0.0
366873,0.0
367390,0.0
367393,0.0
368850,0.0
377615,0.0
370931,0.0
367591,0.0
376511,0.0
370140,0.0
372788,0.0
376500,0.0
371293,0.0
377428,0.0
367557,0.0
369542,0.0
365782,0.0
367568,0.0
373673,0.0
369962,0.0
367589,0.0
371781,0.0
372541,0.0
370260,0.0
371829,0.0
367548,0.0
371369,0.0
377498,0.0
375858,0.0
368234,0.0
371260,0.0
376329,0.0
373252,0.0
374593,0.0
368701,0.0
367648,0.0
365430,0.0
369468,0.0
374610,0.0
369944,0.0
368259,0.0
374741,0.0
368673,0.0
370223,0.0
370703,0.0
366682,0.0
373475,0.0
375919,0.0
377459,0.0
373109,0.0
370547,0.0
374731,0.0
365271,0.0
367704,0.0
369336,0.0
373391,0.0
375450,0.0
373275,0.0
367234,0.0
373124,0.0
367703,0.0
373931,0.0
377962,0.0
365587,0.0
365731,0.0
370230,0.0
377356,0.0
372533,0.0
366631,0.0
367730,0.0
375605,0.0
373213,0.0
374908,0.0
367556,0.0
366993,0.0
370578,0.0
375932,0.0
370880,0.0
365163,0.0
371072,0.0
370165,0.0
367709,0.0
376905,0.0
376999,0.0
376882,0.0
372263,0.0
377640,0.0
366855,0.0
365207,0.0
376825,0.0
366654,0.0
370221,0.0
375609,0.0
373684,0.0
376335,0.0
368286,0.0
376339,0.0
365436,0.0
366491,0.0
372112,0.0
367378,0.0
366064,0.0
373967,0.0
375751,0.0
371810,0.0
369486,0.0
368723,0.0
376904,0.0
377784,0.0
370588,0.0
377186,0.0
374734,0.0
368676,0.0
373373,0.0
373218,0.0
371961,0.0
367228,0.0
367742,0.0
370591,0.0
371060,0.0
376877,0.0
372359,0.0
377338,0.0
375778,0.0
372252,0.0
366668,0.0
375920,0.0
369300,0.0
368281,0.0
377647,0.0
369959,0.0
371617,0.0
375562,0.0
366202,0.0
367877,0.0
369478,0.0
365732,0.0
366116,0.0
376879,0.0
370282,0.0
369794,0.0
372802,0.0
375910,0.0
372137,0.0
372904,0.0
366250,0.0
369146,0.0
378237,0.0
371092,0.0
375369,0.0
376446,0.0
375754,0.0
378078,0.0
365295,0.0
371082,0.0
369337,0.0
368053,0.0
374123,0.0
367391,0.0
373773,0.0
376100,0.0
371408,0.0
371415,0.0
369807,0.0
368429,0.0
368418,0.0
377205,0.0
374622,0.0
372341,0.0
365457,0.0
369550,0.0
371962,0.0
372793,0.0
373971,0.0
372247,0.0
368863,0.0
376502,0.0
377791,0.0
373182,0.0
368041,0.0
373991,0.0
378060,0.0
370906,0.0
370718,0.0
368091,0.0
368953,0.0
368739,0.0
365447,0.0
377627,0.0
369442,0.0
372882,0.0
368291,0.0
370580,0.0
365253,0.0
370926,0.0
366109,0.0
366504,0.0
377482,0.0
372546,0.0
369313,0.0
376894,0.0
375916,0.0
369993,0.0
371068,0.0
368588,0.0
375909,0.0
369303,0.0
366088,0.0
367007,0.0
367590,0.0
367922,0.0
370570,0.0
365885,0.0
365800,0.0
372339,0.0
371984,0.0
371992,0.0
366976,0.0
374926,0.0
371614,0.0
367221,0.0
366247,0.0
367302,0.0
369957,0.0
367232,0.0
368835,0.0
370925,0.0
372792,0.0
371091,0.0
373260,0.0
374125,0.0
366239,0.0
376867,0.0
367844,0.0
369970,0.0
371283,0.0
374713,0.0
366973,0.0
370749,0.0
372164,0.0
371649,0.0
372351,0.0
369321,0.0
371078,0.0
366002,0.0
368970,0.0
377360,0.0
371960,0.0
368071,0.0
365565,0.0
369956,0.0
367394,0.0
375174,0.0
365582,0.0
372320,0.0
378067,0.0
366257,0.0
374329,0.0
374915,0.0
366678,0.0
378406,0.0
372887,0.0
366684,0.0
370255,0.0
378379,0.0
367017,0.0
369429,0.0
368825,0.0
366691,0.0
374425,0.0
375304,0.0
368187,0.0
378245,0.0
373670,0.0
369005,0.0
368832,0.0
368585,0.0
366928,0.0
370144,0.0
366977,0.0
368077,0.0
373650,0.0
378391,0.0
367564,0.0
376358,0.0
365445,0.0
374765,0.0
376667,0.0
368405,0.0
373966,0.0
376861,0.0
367588,0.0
371978,0.0
367692,0.0
367559,0.0
377349,0.0
368853,0.0
373987,0.0
366953,0.0
372879,0.0
367379,0.0
366089,0.0
366243,0.0
377451,0.0
367851,0.0
377213,0.0
366975,0.0
368212,0.0
365413,0.0
377353,0.0
376495,0.0
371930,0.0
367929,0.0
371797,0.0
371401,0.0
367900,0.0
370232,0.0
371066,0.0
365902,0.0
372909,0.0
369154,0.0
373114,0.0
373095,0.0
371628,0.0
367381,0.0
375209,0.0
374601,0.0
367020,0.0
368660,0.0
368047,0.0
366686,0.0
373933,0.0
366085,0.0
365619,0.0
367187,0.0
373674,0.0
370137,0.0
376299,0.0
377358,0.0
370561,0.0
371588,0.0
365892,0.0
369961,0.0
377642,0.0
373088,0.0
369252,0.0
377922,0.0
365424,0.0
368578,0.0
367727,0.0
378428,0.0
376900,0.0
374308,0.0
366964,0.0
376109,0.0
365265,0.0
376618,0.0
367279,0.0
371599,0.0
370712,0.0
370817,0.0
376478,0.0
369975,0.0
376908,0.0
368383,0.0
368395,0.0
366980,0.0
366978,0.0
371795,0.0
371520,0.0
367425,0.0
376092,0.0
375776,0.0
375408,0.0
374294,0.0
369992,0.0
365414,0.0
373232,0.0
366081,0.0
373996,0.0
369022,0.0
371627,0.0
367846,0.0
378075,0.0
370907,0.0
374302,0.0
378229,0.0
374114,0.0
366242,0.0
369971,0.0
367914,0.0
377480,0.0
373446,0.0
374115,0.0
366259,0.0
376669,0.0
365909,0.0
378304,0.0
377476,0.0
369456,0.0
375557,0.0
368547,0.0
372248,0.0
370919,0.0
371106,0.0
371271,0.0
370697,0.0
369949,0.0
374402,0.0
377364,0.0
367558,0.0
370736,0.0
373972,0.0
372874,0.0
366960,0.0
374904,0.0
367174,0.0
376909,0.0
376232,0.0
375178,0.0
376336,0.0
367360,0.0
365410,0.0
367545,0.0
374903,0.0
375063,0.0
372099,0.0
378230,0.0
367176,0.0
369904,0.0
369028,0.0
367544,0.0
366799,0.0
365439,0.0
371634,0.0
368084,0.0
368729,0.0
369972,0.0
369469,0.0
368747,0.0
369029,0.0
371406,0.0
375051,0.0
367871,0.0
377479,0.0
377472,0.0
367213,0.0
375185,0.0
366847,0.0
369432,0.0
370719,0.0
373672,0.0
372358,0.0
374172,0.0
368038,0.0
367903,0.0
373436,0.0
372261,0.0
373392,0.0
370384,0.0
368827,0.0
368139,0.0
375265,0.0
365704,0.0
372352,0.0
373657,0.0
374305,0.0
370707,0.0
368709,0.0
369007,0.0
370369,0.0
372914,0.0
376979,0.0
376887,0.0
371379,0.0
367578,0.0
372893,0.0
374769,0.0
369121,0.0
377607,0.0
371624,0.0
372328,0.0
371069,0.0
370539,0.0
376881,0.0
368401,0.0
370219,0.0
369024,0.0
367562,0.0
369965,0.0
374303,0.0
365558,0.0
369328,0.0
369986,0.0
375203,0.0
367016,0.0
369306,0.0
367524,0.0
371288,0.0
374131,0.0
369474,0.0
365244,0.0
374632,0.0
371062,0.0
376227,0.0
371620,0.0
372781,0.0
366680,0.0
377778,0.0
367198,0.0
365588,0.0
376476,0.0
373964,0.0
365875,0.0
373271,0.0
366982,0.0
368167,0.0
367380,0.0
372804,0.0
369604,0.0
377793,0.0
375617,0.0
373476,0.0
369332,0.0
368081,0.0
371275,0.0
367420,0.0
377601,0.0
369441,0.0
374756,0.0
367411,0.0
367872,0.0
365438,0.0
373257,0.0
375774,0.0
368716,0.0
365468,0.0
367358,0.0
372903,0.0
372201,0.0
375470,0.0
373362,0.0
371016,0.0
367212,0.0
370843,0.0
376110,0.0
366511,0.0
375782,0.0
370554,0.0
371950,0.0
369984,0.0
372245,0.0
376836,0.0
368407,0.0
376653,0.0
372811,0.0
367889,0.0
374127,0.0
372451,0.0
378076,0.0
368902,0.0
373112,0.0
371963,0.0
375763,0.0
369792,0.0
370743,0.0
371037,0.0
376049,0.0
377857,0.0
370889,0.0
365448,0.0
375282,0.0
377628,0.0
367383,0.0
372958,0.0
365559,0.0
376088,0.0
374107,0.0
377473,0.0
368852,0.0
374122,0.0
366838,0.0
370557,0.0
377497,0.0
368066,0.0
373675,0.0
375197,0.0
374624,0.0
374551,0.0
369296,0.0
376679,0.0
366275,0.0
374776,0.0
368819,0.0
370711,0.0
367567,0.0
373667,0.0
371071,0.0
369630,0.0
373443,0.0
374325,0.0
372119,0.0
